{
    "aaa": "american-anthropological-association",
    "acta-theriologica": "mammal-research",
    "advances-physiology-education": "advances-in-physiology-education",
    "aegean-review-of-the-law-of-the-sea-and-maritime-law": "springer-basic-author-date",
    "agriculture-ecosystems-environment": "agriculture-ecosystems-and-environment",
    "ajp-heart-circulatory-physiology": "ajp-heart-and-circulatory-physiology",
    "ajp-regulatory-integrative-comparative-physiology": "ajp-regulatory-integrative-and-comparative-physiology",
    "ama": "american-medical-association",
    "american-chemical-society-with-titles-brackets": "american-chemical-society-with-titles",
    "american-journal-of-cardiology": "the-american-journal-of-cardiology",
    "american-journal-of-clinical-nutrition": "the-american-journal-of-clinical-nutrition",
    "american-journal-of-medicine": "the-american-journal-of-medicine",
    "american-journal-of-pathology": "the-american-journal-of-pathology",
    "american-journal-of-sports-medicine": "the-american-journal-of-sports-medicine",
    "american-journal-of-surgery": "the-american-journal-of-surgery",
    "american-journal-of-tropical-medicine-and-hygiene": "the-american-journal-of-tropical-medicine-and-hygiene",
    "american-medical-writers-association": "american-medical-writers-association-journal",
    "american-surgeon": " the-american-surgeon",
    "amiens": "universite-de-picardie-jules-verne-ufr-de-medecine",
    "analytical-abstracts": "royal-society-of-chemistry",
    "annalen-des-naturhistorischen-museums-wien": "annalen-des-naturhistorischen-museums-in-wien",
    "annals-of-allergy": "annals-of-allergy-asthma-and-immunology",
    "annals-of-thoracic-surgery": "the-annals-of-thoracic-surgery",
    "annual-reviews-alphabetically": "annual-reviews-alphabetical",
    "annual-reviews-by-appearance": "annual-reviews",
    "apa-fr": "apa-fr-provost",
    "apa5th": "apa-5th-edition",
    "apsa": "american-political-science-association",
    "archives-of-dermatology": "jama-dermatology",
    "asa": "american-sociological-association",
    "australian-law-journal": "the-australian-law-journal",
    "automated-experimentation": "biomed-central",
    "bba-biochimica-et-biophysica-acta": "biochimica-et-biophysica-acta",
    "bio-medical-reviews": "biomedical-reviews",
    "bmc-blood-disorders": "biomed-central",
    "bmc-chemical-biology": "biomed-central",
    "bmc-clinical-pharmacology": "biomed-central",
    "bmc-pharmacology": "biomed-central",
    "bmj-supportive-palliative-care": "bmj-supportive-and-palliative-care",
    "brain-and-development-english-language": "brain-and-development",
    "british-journal-of-medical-economics": "journal-of-medical-economics",
    "british-volume-of-the-journal-of-bone-and-joint-surgery": "the-journal-of-bone-and-joint-surgery",
    "bulletin-of-materials-science": "springer-humanities-author-date",
    "bulletin-of-the-medical-library-association": "journal-of-the-medical-library-association",
    "canadian-journal-of-anaesthesia": "canadian-journal-of-anesthesia",
    "canadian-journal-of-behavioral-science": "canadian-journal-of-behavioural-science",
    "canadian-journal-of-hospital-pharmacy": "the-canadian-journal-of-hospital-pharmacy",
    "canadian-medical-association-journal": "cmaj",
    "canadian-veterinary-journal": "the-canadian-veterinary-journal",
    "cancer-epidemiology-biomarkers-prevention": "cancer-epidemiology-biomarkers-and-prevention",
    "cardiovascular-pharmacology-and-therapeutics": "journal-of-cardiovascular-pharmacology-and-therapeutics",
    "catalysts-and-catalysed-reactions": "royal-society-of-chemistry",
    "central-african-journal-of-medicine": "the-central-african-journal-of-medicine",
    "ceylon-journal-of-medical-science": "the-ceylon-journal-of-medical-science",
    "ceylon-medical-journal": "the-ceylon-medical-journal",
    "chemical-hazards-in-industry": "royal-society-of-chemistry",
    "chicago-note": "chicago-note-bibliography",
    "chronic-diseases-in-canada": "chronic-diseases-and-injuries-in-canada",
    "college-of-physicians-and-surgeons-pakistan": "journal-of-the-college-of-physicians-and-surgeons-pakistan",
    "combination-products-in-therapy": "springer-vancouver-brackets",
    "comparative-effectiveness-research": "journal-of-comparative-effectiveness-research",
    "comparative-hepatology": "biomed-central",
    "criminal-law-and-philosophy": "springer-socpsych-author-date",
    "cuadernos-filologia-clasica": "cuadernos-de-filologia-clasica",
    "current-hepatitis-reports": "current-hepatology-reports",
    "current-opinion-biotechnology": "current-opinion-in-biotechnology",
    "current-opinion-cell-biology": "current-opinion-in-cell-biology",
    "current-opinion-chemical-biology": "current-opinion-in-chemical-biology",
    "current-opinion-environmental-sustainability": "current-opinion-in-environmental-sustainability",
    "current-opinion-genetics-development": "current-opinion-in-genetics-development",
    "current-opinion-immunology": "current-opinion-in-immunology",
    "current-opinion-microbiology": "current-opinion-in-microbiology",
    "current-opinion-neurobiology": "current-opinion-in-neurobiology",
    "current-opinion-pharmacology": "current-opinion-in-pharmacology",
    "current-opinion-plant-biology": "current-opinion-in-plant-biology",
    "current-opinion-structural-biology": "current-opinion-in-structural-biology",
    "current-respiratory-care-reports": "current-pulmonology-reports",
    "current-translational-geriatrics-and-gerontology-reports": "current-geriatrics-reports",
    "danish-dental-journal": "tandlaegebladet",
    "danish-medical-bulletin": "danish-medical-journal",
    "diabetes-vascular-disease-research": "diabetes-and-vascular-disease-research",
    "disease-models-mechanisms": "disease-models-and-mechanisms",
    "diseases-aquatic-organisms": "diseases-of-aquatic-organisms",
    "edizioni-minerva-medica": "minerva-medica",
    "ethics-science-environmental-politics": "ethics-in-science-and-environmental-politics",
    "european-journal-of-population-revue-europeenne-de-demographie": "european-journal-of-population",
    "f1000-research": "f1000research",
    "febs-journal": "the-febs-journal",
    "fems": "federation-of-european-microbiological-societies",
    "firstmonday": "first-monday",
    "frontiers-in-addictive-disorders": "frontiers",
    "frontiers-in-affective-disorders-and-psychosomatic-research": "frontiers",
    "frontiers-in-alloimmunity-and-transplantation": "frontiers",
    "frontiers-in-antigen-presenting-cell-biology": "frontiers",
    "frontiers-in-antimicrobials-resistance-and-chemotherapy": "frontiers",
    "frontiers-in-applied-genetic-epidemiology": "frontiers",
    "frontiers-in-aquatic-microbiology": "frontiers",
    "frontiers-in-aquatic-physiology": "frontiers",
    "frontiers-in-auditory-cognitive-neuroscience": "frontiers",
    "frontiers-in-autonomic-neuroscience": "frontiers",
    "frontiers-in-b-cell-biology": "frontiers",
    "frontiers-in-behavioral-and-psychiatric-genetics": "frontiers",
    "frontiers-in-bioinformatics-and-computational-biology": "frontiers",
    "frontiers-in-bone-research": "frontiers",
    "frontiers-in-brain-imaging-methods": "frontiers",
    "frontiers-in-cancer-endocrinology": "frontiers",
    "frontiers-in-cancer-epidemiology-and-prevention": "frontiers",
    "frontiers-in-cancer-genetics": "frontiers",
    "frontiers-in-cancer-imaging-and-diagnosis": "frontiers",
    "frontiers-in-cancer-molecular-targets-and-therapeutics": "frontiers",
    "frontiers-in-cardiac-electrophysiology": "frontiers",
    "frontiers-in-cardiovascular-and-smooth-muscle-pharmacology": "frontiers",
    "frontiers-in-cellular-endocrinology": "frontiers",
    "frontiers-in-chemoattractants": "frontiers",
    "frontiers-in-child-and-neurodevelopmental-psychiatry": "frontiers",
    "frontiers-in-clinical-and-translational-physiology": "frontiers",
    "frontiers-in-cognition": "frontiers",
    "frontiers-in-cognitive-science": "frontiers",
    "frontiers-in-comparative-psychology": "frontiers",
    "frontiers-in-computational-physiology-and-medicine": "frontiers",
    "frontiers-in-consciousness-research": "frontiers",
    "frontiers-in-craniofacial-biology": "frontiers",
    "frontiers-in-crop-science-and-horticulture": "frontiers",
    "frontiers-in-cultural-psychology": "frontiers",
    "frontiers-in-decision-neuroscience": "frontiers",
    "frontiers-in-dementia": "frontiers",
    "frontiers-in-developmental-psychology": "frontiers",
    "frontiers-in-diabetes": "frontiers",
    "frontiers-in-drug-metabolism-and-transport": "frontiers",
    "frontiers-in-educational-psychology": "frontiers",
    "frontiers-in-emotion-science": "frontiers",
    "frontiers-in-endocrinology-of-aging": "frontiers",
    "frontiers-in-endovascular-and-interventional-neurology": "frontiers",
    "frontiers-in-epigenomics": "frontiers",
    "frontiers-in-epilepsy": "frontiers",
    "frontiers-in-ethnopharmacology": "frontiers",
    "frontiers-in-evolutionary-and-genomic-microbiology": "frontiers",
    "frontiers-in-evolutionary-and-population-genetics": "frontiers",
    "frontiers-in-evolutionary-psychology": "frontiers",
    "frontiers-in-exercise-physiology": "frontiers",
    "frontiers-in-experimental-endocrinology": "frontiers",
    "frontiers-in-experimental-pharmacology-and-drug-discovery": "frontiers",
    "frontiers-in-extreme-microbiology": "frontiers",
    "frontiers-in-fatty-acid-and-lipid-physiology": "frontiers",
    "frontiers-in-food-microbiology": "frontiers",
    "frontiers-in-forensic-psychiatry": "frontiers",
    "frontiers-in-fractal-physiology": "frontiers",
    "frontiers-in-functional-plant-ecology": "frontiers",
    "frontiers-in-fungi-and-their-interactions": "frontiers",
    "frontiers-in-gastrointestinal-cancers": "frontiers",
    "frontiers-in-gastrointestinal-pharmacology": "frontiers",
    "frontiers-in-gastrointestinal-sciences": "frontiers",
    "frontiers-in-genetic-architecture": "frontiers",
    "frontiers-in-genetics-of-aging": "frontiers",
    "frontiers-in-genitourinary-oncology": "frontiers",
    "frontiers-in-genomic-assay-technology": "frontiers",
    "frontiers-in-genomic-endocrinology": "frontiers",
    "frontiers-in-genomic-physiology": "frontiers",
    "frontiers-in-head-and-neck-cancer": "frontiers",
    "frontiers-in-headache-medicine-and-facial-pain": "frontiers",
    "frontiers-in-hematology-oncology": "frontiers",
    "frontiers-in-hiv-and-aids": "frontiers",
    "frontiers-in-immunological-memory": "frontiers",
    "frontiers-in-immunological-tolerance": "frontiers",
    "frontiers-in-immunotherapies-and-vaccines": "frontiers",
    "frontiers-in-impulsivity-compulsivity-and-behavioral-dyscontrol": "frontiers",
    "frontiers-in-inflammation": "frontiers",
    "frontiers-in-inflammation-pharmacology": "frontiers",
    "frontiers-in-integrative-and-regenerative-pharmacology": "frontiers",
    "frontiers-in-integrative-physiology": "frontiers",
    "frontiers-in-invertebrate-physiology": "frontiers",
    "frontiers-in-language-sciences": "frontiers",
    "frontiers-in-livestock-genomics": "frontiers",
    "frontiers-in-membrane-physiology-and-biophysics": "frontiers",
    "frontiers-in-microbial-immunology": "frontiers",
    "frontiers-in-microbial-physiology-and-metabolism": "frontiers",
    "frontiers-in-microbiological-chemistry": "frontiers",
    "frontiers-in-microbiotechnology-ecotoxicology-and-bioremediation": "frontiers",
    "frontiers-in-mitochondrial-research": "frontiers",
    "frontiers-in-molecular-and-cellular-oncology": "frontiers",
    "frontiers-in-molecular-and-structural-endocrinology": "frontiers",
    "frontiers-in-molecular-innate-immunity": "frontiers",
    "frontiers-in-molecular-psychiatry": "frontiers",
    "frontiers-in-movement-disorders": "frontiers",
    "frontiers-in-movement-science-and-sport-psychology": "frontiers",
    "frontiers-in-mucosal-immunity": "frontiers",
    "frontiers-in-multiple-sclerosis-and-neuroimmunology": "frontiers",
    "frontiers-in-neuro-ophthalmology": "frontiers",
    "frontiers-in-neuro-otology": "frontiers",
    "frontiers-in-neurocritical-and-neurohospitalist-care": "frontiers",
    "frontiers-in-neurodegeneration": "frontiers",
    "frontiers-in-neuroendocrine-science": "frontiers",
    "frontiers-in-neurogenesis": "frontiers",
    "frontiers-in-neurogenomics": "frontiers",
    "frontiers-in-neurology-education": "frontiers",
    "frontiers-in-neuromorphic-engineering": "frontiers",
    "frontiers-in-neuromuscular-diseases": "frontiers",
    "frontiers-in-neuropharmacology": "frontiers",
    "frontiers-in-neuroprosthetics": "frontiers",
    "frontiers-in-neuropsychiatric-imaging-and-stimulation": "frontiers",
    "frontiers-in-neurotrauma": "frontiers",
    "frontiers-in-nk-cell-biology": "frontiers",
    "frontiers-in-non-coding-rna": "frontiers",
    "frontiers-in-nutrigenomics": "frontiers",
    "frontiers-in-oncology": "frontiers",
    "frontiers-in-oxidant-physiology": "frontiers",
    "frontiers-in-pediatric-endocrinology": "frontiers",
    "frontiers-in-pediatric-oncology": "frontiers",
    "frontiers-in-perception-science": "frontiers",
    "frontiers-in-personality-science-and-individual-differences": "frontiers",
    "frontiers-in-pharmaceutical-medicine-and-outcomes-research": "frontiers",
    "frontiers-in-pharmacogenetics-and-pharmacogenomics": "frontiers",
    "frontiers-in-pharmacology-of-anti-cancer-drugs": "frontiers",
    "frontiers-in-pharmacology-of-ion-channels-and-channelopathies": "frontiers",
    "frontiers-in-pituitary-endocrinology": "frontiers",
    "frontiers-in-plant-biophysics-and-modeling": "frontiers",
    "frontiers-in-plant-biotechnology": "frontiers",
    "frontiers-in-plant-cell-biology": "frontiers",
    "frontiers-in-plant-evolution-and-development": "frontiers",
    "frontiers-in-plant-genetics-and-genomics": "frontiers",
    "frontiers-in-plant-metabolism-and-chemodiversity": "frontiers",
    "frontiers-in-plant-microbe-interaction": "frontiers",
    "frontiers-in-plant-nutrition": "frontiers",
    "frontiers-in-plant-physiology": "frontiers",
    "frontiers-in-plant-proteomics": "frontiers",
    "frontiers-in-plant-systems-biology": "frontiers",
    "frontiers-in-plant-traffic-and-transport": "frontiers",
    "frontiers-in-predictive-toxicity": "frontiers",
    "frontiers-in-primary-immunodeficiencies": "frontiers",
    "frontiers-in-psychoanalysis-and-neuropsychoanalysis": "frontiers",
    "frontiers-in-psychology-for-clinical-settings": "frontiers",
    "frontiers-in-psychopathology": "frontiers",
    "frontiers-in-psychopharmacology": "frontiers",
    "frontiers-in-quantitative-psychology-and-measurement": "frontiers",
    "frontiers-in-radiation-oncology": "frontiers",
    "frontiers-in-renal-and-epithelial-physiology": "frontiers",
    "frontiers-in-respiratory-pharmacology": "frontiers",
    "frontiers-in-respiratory-physiology": "frontiers",
    "frontiers-in-schizophrenia": "frontiers",
    "frontiers-in-sleep-and-chronobiology": "frontiers",
    "frontiers-in-sleep-disorders": "frontiers",
    "frontiers-in-spinal-cord-medicine": "frontiers",
    "frontiers-in-sports-neurology": "frontiers",
    "frontiers-in-statistical-genetics-and-methodology": "frontiers",
    "frontiers-in-striated-muscle-physiology": "frontiers",
    "frontiers-in-stroke": "frontiers",
    "frontiers-in-systems-and-translational-endocrinology": "frontiers",
    "frontiers-in-systems-biology": "frontiers",
    "frontiers-in-systems-physiology": "frontiers",
    "frontiers-in-t-cell-biology": "frontiers",
    "frontiers-in-technical-advances-in-plant-science": "frontiers",
    "frontiers-in-teleneurology": "frontiers",
    "frontiers-in-terrestrial-microbiology": "frontiers",
    "frontiers-in-theoretical-and-philosophical-psychology": "frontiers",
    "frontiers-in-thoracic-oncology": "frontiers",
    "frontiers-in-thyroid-endocrinology": "frontiers",
    "frontiers-in-toxicogenomics": "frontiers",
    "frontiers-in-tumor-immunity": "frontiers",
    "frontiers-in-vascular-physiology": "frontiers",
    "frontiers-in-virology": "frontiers",
    "frontiers-in-womens-cancer": "frontiers",
    "future-science": "future-science-journals",
    "geistes-und-kulturwissenschaften-teilmann": "geistes-und-kulturwissenschaften-heilmann",
    "genetic-vaccines-and-therapy": "biomed-central",
    "geological-society-america-bulletin": "geological-society-of-america-bulletin",
    "geological-society-of-america": "the-geological-society-of-america",
    "giornale-italiano-di-health-technology-assessment": "springer-vancouver-brackets",
    "gost-r-7-0-5-2008-csl-1-0": "gost-r-7-0-5-2008",
    "graefes-archive-and-experimental-ophthalmology": "graefes-archive-for-clinical-and-experimental-ophthalmology",
    "harvard-anglia-ruskin": "harvard-anglia-ruskin-university",
    "harvard-oxford-brookes-university": "harvard-cite-them-right",
    "harvard-sheffield": "harvard-the-university-of-sheffield-town-and-regional-planning",
    "harvard-sheffield1": "harvard-the-university-of-sheffield-school-of-east-asian-studies",
    "harvard-university-of-northampton": "harvard-the-university-of-northampton",
    "harvard-university-of-south-africa": "university-of-south-australia-harvard-2011",
    "harvard-university-of-south-australia": "university-of-south-australia-harvard-2011",
    "harvard-university-west-london": "harvard-university-of-west-london",
    "harvard1-unisa-gbfe": "harvard-gesellschaft-fur-bildung-und-forschung-in-europa",
    "harvard3": "harvard-swinburne-university-of-technology",
    "hbp": "hpb",
    "head-and-neck-oncology": "biomed-central",
    "healthcare-the-journal-of-delivery-science-and-innovation": "healthcare",
    "heart-and-lung-the-journal-of-critical-care": "heart-and-lung-the-journal-of-acute-and-critical-care",
    "hwr-berlin": "hochschule-fur-wirtschaft-und-recht-berlin",
    "ices-jms": "ices-journal-of-marine-science",
    "ieee-w-url": "ieee-with-url",
    "indian-journal-of-virology": "virusdisease",
    "information-retrieval": "information-retrieval-journal",
    "institute-of-electronics-information-and-communication-engineers": "the-institute-of-electronics-information-and-communication-engineers",
    "integrative-omics-and-molecular-biology": "biomed-central",
    "international-archives-of-allergy-and-applied-immunology": "international-archives-of-allergy-and-immunology",
    "international-journal-cross-cultural-management": "international-journal-of-cross-cultural-management",
    "international-journal-of-euro-mediterranean-studies": "springer-basic-author-date",
    "international-journal-of-health-care-finance-and-economics": "international-journal-of-health-economics-and-management",
    "international-journal-of-psychiatry-in-medicine": "the-international-journal-of-psychiatry-in-medicine",
    "international-journal-of-psychoanalysis": "the-international-journal-of-psychoanalysis",
    "international-journal-of-the-classical-tradition": "springer-humanities-brackets",
    "international-journal-of-tropical-biology-and-conservation": "revista-de-biologia-tropical",
    "iranian-journal-of-environmental-health-science-and-engineering": "biomed-central",
    "iso690-author-date-fr-without-abstract": "iso690-author-date-fr-no-abstract",
    "jahrbuch-fur-regionalwissenschaft": "review-of-regional-research",
    "jid-symposium-proceedings": "journal-of-investigative-dermatology-symposium-proceedings",
    "journal-fur-betriebswirtschaft": "management-review-quarterly",
    "journal-of-aapos": "journal-of-american-association-for-pediatric-ophthalmology-and-strabismus",
    "journal-of-allergy-and-clinical-immunology": "the-journal-of-allergy-and-clinical-immunology",
    "journal-of-astrophysics-and-astronomy": "springer-humanities-author-date",
    "journal-of-bioethical-inquiry": "springer-humanities-author-date",
    "journal-of-biorheology": "springer-vancouver-brackets",
    "journal-of-bioscience-and-medicine": "biomed-central",
    "journal-of-bone-and-joint-surgery": "the-journal-of-bone-and-joint-surgery",
    "journal-of-cardiovascular-surgery": "the-journal-of-cardiovascular-surgery",
    "journal-of-cell-biology": "the-journal-of-cell-biology",
    "journal-of-chemical-physics": "the-journal-of-chemical-physics",
    "journal-of-chemical-sciences": "springer-humanities-brackets",
    "journal-of-circadian-rhythms": "biomed-central",
    "journal-of-clinical-endocrinology-and-metabolism": "the-journal-of-clinical-endocrinology-and-metabolism",
    "journal-of-clinical-investigation": "the-journal-of-clinical-investigation",
    "journal-of-clinical-psychiatry": "the-journal-of-clinical-psychiatry",
    "journal-of-earth-system-science": "springer-humanities-author-date",
    "journal-of-experimental-medicine": "the-journal-of-experimental-medicine",
    "journal-of-experimental-psychology-animal-behavior-processes": "journal-of-experimental-psychology-animal-learning-and-cognition",
    "journal-of-general-physiology": "the-journal-of-general-physiology",
    "journal-of-genetics": "springer-humanities-author-date",
    "journal-of-geometric-analysis": "springer-mathphys-brackets",
    "journal-of-global-policy-and-governance": "springer-basic-author-date",
    "journal-of-hand-surgery": "the-journal-of-hand-surgery",
    "journal-of-heart-and-lung-transplantation": "the-journal-of-heart-and-lung-transplantation",
    "journal-of-hellenic-studies": "the-journal-of-hellenic-studies",
    "journal-of-hepato-biliary-pancreatic-sciences": "springer-vancouver-brackets",
    "journal-of-hong-kong-medical-association": "hong-kong-medical-journal",
    "journal-of-indian-prosthodontic-society": "the-journal-of-indian-prosthodontic-society",
    "journal-of-juristic-papyrology": "the-journal-of-juristic-papyrology",
    "journal-of-medieval-and-early-modern-studies": "the-journal-of-medieval-and-early-modern-studies",
    "journal-of-modern-history": "the-journal-of-modern-history",
    "journal-of-neuro-interventional-surgery": "journal-of-neurointerventional-surgery",
    "journal-of-nuclear-medicine": "the-journal-of-nuclear-medicine",
    "journal-of-organic-chemistry": "the-journal-of-organic-chemistry",
    "journal-of-pediatrics": "the-journal-of-pediatrics",
    "journal-of-pharmacology-and-experimental-therapeutics": "the-journal-of-pharmacology-and-experimental-therapeutics",
    "journal-of-pharmacy-technology": "the-journal-of-pharmacy-technology",
    "journal-of-physical-chemistry": "the-journal-of-physical-chemistry-a",
    "journal-of-prosthetic-dentistry": "the-journal-of-prosthetic-dentistry",
    "journal-of-science-teacher-education": "springer-socpsych-author-date",
    "journal-of-the-american-academy-of-physician-assistants": "jaapa",
    "journal-of-the-american-dental-association": "the-journal-of-the-american-dental-association",
    "journal-of-the-american-medical-association": "jama",
    "journal-of-the-american-medical-informatics-association": "jamia",
    "journal-of-the-american-osteopathic-association": "the-journal-of-the-american-osteopathic-association",
    "journal-of-the-geological-society-of-london": "journal-of-the-geological-society",
    "journal-of-the-indian-society-of-pedodontics-and-preventative-dentistry": "journal-of-the-indian-society-of-pedodontics-and-preventive-dentistry",
    "journal-of-the-institute-of-medicine": "journal-of-institute-of-medicine",
    "journal-of-the-torrey-botanical-society": "the-journal-of-the-torrey-botanical-society",
    "journal-of-thoracic-and-cardiovascular-surgery": "the-journal-of-thoracic-and-cardiovascular-surgery",
    "journal-of-wildlife-management": "the-journal-of-wildlife-management",
    "juristische-zitierweise-deutsch": "juristische-zitierweise",
    "korean-journal-of-gynecologic-oncology": "journal-of-gynecologic-oncology",
    "la-revue-de-linfirmicre": "la-revue-de-linfirmiere",
    "laboratory-hazards-bulletin": "royal-society-of-chemistry",
    "lancet": "the-lancet",
    "lancet-infectious-diseases": "the-lancet-infectious-diseases",
    "lancet-neurology": "the-lancet-neurology",
    "lancet-oncology": "the-lancet-oncology",
    "law1-de": "juristische-zitierweise",
    "lichenologist": "the-lichenologist",
    "lncs": "springer-lecture-notes-in-computer-science",
    "lncs2": "springer-lecture-notes-in-computer-science-alphabetical",
    "malaysian-journal-of-pathology": "the-malaysian-journal-of-pathology",
    "manedsskrift-for-praktk-laegegerning": "manedsskrift-for-almen-praksis",
    "mcgill-guide-v7": "mcgill-en",
    "mcrj7": "mcgill-fr",
    "medical-journal-of-australia": "the-medical-journal-of-australia",
    "medicina-militar": "sanidad-militar",
    "methods-in-organic-synthesis": "royal-society-of-chemistry",
    "methods-information-medicine": "methods-of-information-in-medicine",
    "mhra": "modern-humanities-research-association",
    "mhra-author-date": "modern-humanities-research-association-author-date",
    "mhra_note_without_bibliography": "modern-humanities-research-association",
    "mla": "modern-language-association",
    "mla-notes": "modern-language-association-note",
    "mla-underline": "modern-language-association-underline",
    "mla-url": "modern-language-association-with-url",
    "modern-language-association-note": "modern-language-association-6th-edition-note",
    "modern-rheumatology": "springer-vancouver-brackets",
    "molecular-biochemical-parasitology": "molecular-and-biochemical-parasitology",
    "national-library-of-medicine-grant": "national-library-of-medicine-grant-proposals",
    "natural-product-updates": "royal-society-of-chemistry",
    "nature-neuroscience-brief-communication": "nature-neuroscience-brief-communications",
    "natureza-e-conservacao": "natureza-and-conservacao",
    "naturwissenschaften": "the-science-of-nature",
    "netherlands-journal-of-medicine": "the-netherlands-journal-of-medicine",
    "neumologica-y-cirugia-de-torax-neurofibromatosis": "neumologia-y-cirugia-de-torax",
    "neural-systems-and-circuits": "biomed-central",
    "new-england-journal-of-medicine": "the-new-england-journal-of-medicine",
    "new-iraqi-journal-of-medicine": "the-new-iraqi-journal-of-medicine",
    "new-zealand-journal-of-medical-laboratory-technology": "new-zealand-journal-of-medical-laboratory-science",
    "new-zealand-medical-journal": "the-new-zealand-medical-journal",
    "nexus-network-journal": "springer-humanities-author-date",
    "nlm": "national-library-of-medicine",
    "nonlinear-biomedical-physics": "biomed-central",
    "north-west-university-harvard": "harvard-north-west-university",
    "open-network-biology": "biomed-central",
    "ophthalmic-surgery-lasers-and-imaging": "ophthalmic-surgery-lasers-and-imaging-retina",
    "optical-society-of-america": "the-optical-society",
    "oxford-brookes-university-faculty-of-health-and-life-sciences": "harvard-oxford-brookes-university-faculty-of-health-and-life-sciences",
    "oxford-university-new-south-wales": "oxford-the-university-of-new-south-wales",
    "pedobiologia-international-journal-of-soil-biology": "pedobiologia-journal-of-soil-ecology",
    "pharmacoeconomics-german-research-articles": "springer-vancouver-brackets",
    "physiological-biochemical-zoology": "physiological-and-biochemical-zoology",
    "plant-cell": "the-plant-cell",
    "polish-botanical-society": "acta-societatis-botanicorum-poloniae",
    "polski-przegld-otorynolaryngologiczny": "polski-przeglad-otorynolaryngologiczny",
    "pramana": "springer-physics-brackets",
    "proceedings-mathematical-sciences": "springer-mathphys-brackets",
    "progrcs-en-urologie": "progres-en-urologie",
    "progrcs-en-urologie-fmc": "progres-en-urologie",
    "quaderni-avogadro-colloquia": "quaderni-degli-avogadro-colloquia",
    "queensland-lawyer": "the-queensland-lawyer",
    "review-of-financial-studies": "the-review-of-financial-studies",
    "revista-brasileira-de-botanica": "brazilian-journal-of-botany",
    "rockefeller-university-press": "the-rockefeller-university-press",
    "sadhana": "springer-humanities-author-date",
    "sbl-fullnote-bibliography": "society-of-biblical-literature-fullnote-bibliography",
    "scandinavian-journal-of-clinical-and-laboratory-investigation": "the-scandinavian-journal-of-clinical-and-laboratory-investigation",
    "science-without-title": "science-without-titles",
    "sensing-and-imaging-an-international-journal": "sensing-and-imaging",
    "silence": "biomed-central",
    "small-wiley": "small",
    "smartt": "biomed-central",
    "soil-biology-biochemistry": "soil-biology-and-biochemistry",
    "sozialwissenschaften-teilmann": "sozialwissenschaften-heilmann",
    "sports-medicine-arthroscopy-rehabilitation-therapy-and-technology": "biomed-central",
    "springer-plasmonics": "plasmonics",
    "springer-protocols": "springerprotocols",
    "sustainable-healthcare": "biomed-central",
    "synergy-research": "synergy",
    "tah-gkw": "geistes-und-kulturwissenschaften-teilmann",
    "tah-soz": "sozialwissenschaften-teilmann",
    "taylor-and-francis-reference-style-f": "taylor-and-francis-chicago-f",
    "technology-operation-management": "springer-humanities-author-date",
    "the-academy-of-management-review": "academy-of-management-review",
    "the-american-journal-of-emergency-medicine": "american-journal-of-emergency-medicine",
    "tort-law-review": "the-tort-law-review",
    "transition-studies-review": "springer-basic-author-date",
    "trends-journal": "trends-journals",
    "tu-wien-dissertation": "technische-universitat-wien",
    "ulster-medical-journal": "the-ulster-medical-journal",
    "un-eclac-cepal-english": "economic-commission-for-latin-america-and-the-caribbean",
    "un-eclac-cepal-spanish": "comision-economica-para-america-latina-y-el-caribe",
    "unctad-english": "united-nations-conference-on-trade-and-development",
    "uni-freiburg-geschichte-autor-jahr": "universitat-freiburg-geschichte",
    "unisa-harvard": "university-of-south-australia-harvard-2011",
    "unisa-harvard3": "university-of-south-australia-harvard-2011",
    "universite-laval-com": "universite-laval-departement-dinformation-et-de-communication",
    "university-of-melbourne": "harvard-the-university-of-melbourne",
    "uqam-universite-du-quebec-a-montreal": "universite-du-quebec-a-montreal",
    "user-modeling-and-useradapted-interaction": "user-modeling-and-user-adapted-interaction",
    "wceam2010": "world-congress-on-engineering-asset-management",
    "wirtschaftsinformatik": "springer-basic-author-date",
    "world-health-organization-journals": "world-health-organization",
    "world-journal-of-biological-psychiatry": "the-world-journal-of-biological-psychiatry"
}
